{
  "sgg_col": "sgg_cd",
  "input_weights": {
    "edu": {
      "sup": 0.3333333333333333,
      "pop": 0.3333333333333333,
      "acc": 0.3333333333333333
    },
    "care": {
      "sup": 0.3333333333333333,
      "pop": 0.3333333333333333,
      "acc": 0.3333333333333333
    },
    "med": {
      "sup": 0.3333333333333333,
      "pop": 0.3333333333333333,
      "acc": 0.3333333333333333
    },
    "safe": {
      "sup": 0.3333333333333333,
      "pop": 0.3333333333333333,
      "acc": 0.3333333333333333
    },
    "cult": {
      "sup": 0.3333333333333333,
      "pop": 0.3333333333333333,
      "acc": 0.3333333333333333
    }
  },
  "sector_weights": {
    "edu": 0.2,
    "care": 0.2,
    "med": 0.2,
    "safe": 0.2,
    "cult": 0.2
  },
  "rescale_min": 39.0233,
  "rescale_max": 74.6515
}